Track ID,Track Name,Album Name,Artist Name(s),Release Date,Duration (ms),Popularity,Added By,Added At,Genres,Record Label,Danceability,Energy,Key,Loudness,Mode,Speechiness,Acousticness,Instrumentalness,Liveness,Valence,Tempo,Time Signature
6EPRKhUOdiFSQwGBRBbvsZ,"Ace of Spades","Ace of Spades (Expanded Edition)","Motörhead",1980-11-08,166360,7,oq28tyfhdjv308pmbu730jzdt,2024-12-19T07:32:36Z,"alternative metal,hard rock,metal,nu metal,rock,speed metal","Sanctuary Records",0.342,0.91,4,-7.748,1,0.0758,0.0000402,0.000121,0.0823,0.547,140.452,4
2RaA6kIcvomt77qlIgGhCT,"Breaking the Law","British Steel","Judas Priest",1980,153840,67,oq28tyfhdjv308pmbu730jzdt,2024-12-19T07:32:37Z,"album rock,alternative metal,birmingham metal,glam metal,hard rock,metal,rock","Sony com.itb.damv1.Music CG",0.362,0.961,2,-5.664,1,0.0857,0.024,0.00000935,0.159,0.491,164.019,4
01ICFoBoco3TaM5r3HthXy,"Master Of Puppets","Master Of Puppets (Remastered)","Metallica",1986-03-03,515386,0,oq28tyfhdjv308pmbu730jzdt,2024-12-19T07:32:42Z,"hard rock,metal,old school thrash,rock,thrash metal","Universal com.itb.damv1.Music Group",0.539,0.828,4,-9.11,0,0.0361,0.000721,0.438,0.198,0.587,105.303,4
5V3mdRI2yQxbSsJGDPc5lD,"Chop Suey!","Toxicity","System Of A Down",2001-01-01,210240,21,oq28tyfhdjv308pmbu730jzdt,2024-12-19T07:32:50Z,"alternative metal,nu metal,rap metal,rock","Columbia",0.42,0.929,7,-3.899,0,0.121,0.000353,0.000747,0.122,0.3,127.204,4
5MMnwYs0hIxkENRsbkWJ2G,"Smoke On The Water - Remastered 2012","Machine Head (Remastered)","Deep Purple",1972-03-25,340742,69,oq28tyfhdjv308pmbu730jzdt,2024-12-19T07:33:07Z,"album rock,classic rock,hard rock,metal,rock","EMI Records Limited",0.598,0.676,0,-9.211,1,0.0279,0.13,0.225,0.112,0.805,114.169,4
4Yx9Tw9dTgQ8eGCq3PRDyn,"Raining Blood","Reign In Blood (Expanded)","Slayer",1986-01-01,255186,0,oq28tyfhdjv308pmbu730jzdt,2024-12-19T07:33:09Z,"alternative metal,death metal,groove metal,hard rock,metal,old school thrash,rock,speed metal,thrash metal","Universal com.itb.damv1.Music Group",0.301,0.995,1,-4.394,0,0.159,0.000417,0.295,0.125,0.0374,88.15,4
0P4JuEXYJmu2Q7BTtQW5nR,"Fear Of The Dark - 1998 Remastered Version","Fear Of The Dark (1998 Remastered Edition)","Iron Maiden",1992,436826,1,oq28tyfhdjv308pmbu730jzdt,2024-12-19T07:33:27Z,"alternative metal,hard rock,metal,nwobhm,rock","Parlophone UK",0.302,0.815,2,-8.756,0,0.0582,0.000762,0.00034,0.0959,0.251,109.937,4
59WN2psjkt1tyaxjspN8fp,"Killing In The Name","Rage Against The Machine - XX (20th Anniversary Special Edition)","Rage Against The Machine",1992,313573,77,oq28tyfhdjv308pmbu730jzdt,2024-12-19T07:34:12Z,"alternative metal,alternative rock,conscious hip hop,funk metal,hard rock,nu metal,political hip hop,post-grunge,rap metal,rap rock,rock","Epic/Legacy",0.466,0.833,7,-4.215,1,0.304,0.0266,0,0.0327,0.661,88.785,4
2KmEgiY8fQs0G6WNxtzQKr,"Baba O'Riley","Who's Next (Deluxe Edition)","The Who",1971-08-14,300400,0,oq28tyfhdjv308pmbu730jzdt,2024-12-19T07:34:12Z,"album rock,british invasion,classic rock,hard rock,rock","Universal com.itb.damv1.Music Group",0.489,0.724,5,-8.367,1,0.0352,0.313,0.185,0.287,0.15,117.292,4
29SyMC0plk6qw8NMF7lfRL,"You Really Got Me","Kinks (Deluxe)","The Kinks",1964-10-02,131573,3,oq28tyfhdjv308pmbu730jzdt,2024-12-19T07:34:12Z,"album rock,art rock,british invasion,classic rock,folk rock,glam rock,protopunk,psychedelic rock,rock,singer-songwriter","Castle Communications",0.575,0.948,8,-6.173,1,0.0945,0.333,0,0.0656,0.948,137.408,4
5CQ30WqJwcep0pYcV4AMNc,"Stairway to Heaven - Remaster","Led Zeppelin IV (Deluxe Edition)","Led Zeppelin",1971-11-08,482830,76,oq28tyfhdjv308pmbu730jzdt,2024-12-19T07:34:12Z,"album rock,classic rock,hard rock,rock","Atlantic Records",0.338,0.34,9,-12.049,0,0.0339,0.58,0.0032,0.116,0.197,82.433,4
0MYNeFsKpzBHwrJGfWZysV,"Locomotive Breath","Aqualung (Special Edition)","Jethro Tull",1971-03-19,266013,55,oq28tyfhdjv308pmbu730jzdt,2024-12-19T07:34:12Z,"album rock,art rock,blues rock,classic rock,flute rock,folk rock,hard rock,progressive rock,psychedelic rock,rock,singer-songwriter,symphonic rock","Parlophone UK",0.68,0.53,11,-13.105,0,0.0889,0.417,0.011,0.0559,0.352,124.551,4
5rielSbAmN45G7MzfNt3KP,"Anna Lee","Falling into Infinity","Dream Theater",1997-09-12,352560,33,oq28tyfhdjv308pmbu730jzdt,2024-12-19T07:34:12Z,"metal,progressive metal","Atlantic Records",0.505,0.52,9,-7.1,0,0.0262,0.0305,0,0.2,0.0974,129.296,4
4JNi40t7xR5bO3PWxRkiPN,"Free Bird","(Pronounced 'Leh-'Nérd 'Skin-'Nérd) [Expanded Edition]","Lynyrd Skynyrd",1973,558933,0,oq28tyfhdjv308pmbu730jzdt,2024-12-19T07:34:12Z,"album rock,classic rock,hard rock,rock,southern rock","Universal com.itb.damv1.Music Group",0.279,0.852,7,-7.838,1,0.0511,0.0119,0.076,0.0624,0.438,117.418,4
7o2CTH4ctstm8TNelqjb51,"Sweet Child O' Mine","Appetite For Destruction","Guns N' Roses",1987-07-21,354520,29,oq28tyfhdjv308pmbu730jzdt,2024-12-19T07:34:12Z,"glam metal,hard rock,rock","Guns N Roses P&D",0.454,0.91,6,-7.766,1,0.0448,0.0866,0.0996,0.116,0.629,125.116,4
2tyW1uBUnYMKAFEfKDKi9B,"Livin' On A Prayer","Slippery When Wet","Bon Jovi",1986-01-01,250306,1,oq28tyfhdjv308pmbu730jzdt,2024-12-19T07:34:12Z,"glam metal,rock","Universal com.itb.damv1.Music Group",0.559,0.687,0,-10.912,1,0.0311,0.0591,0.0000359,0.0896,0.854,122.666,4
5MxNLUsfh7uzROypsoO5qe,"Dream On","Aerosmith","Aerosmith",1973-01-05,266960,22,oq28tyfhdjv308pmbu730jzdt,2024-12-19T07:34:12Z,"album rock,classic rock,hard rock,rock","Columbia",0.307,0.433,1,-10.057,1,0.029,0.388,0.0000908,0.332,0.224,160.9,4
6CfjAVG9FwmwRtxE8yEWlu,"Cum on Feel the Noize","Playlist: The Very Best Of Quiet Riot","Quiet Riot",2009-04-09,290666,0,oq28tyfhdjv308pmbu730jzdt,2024-12-19T07:34:12Z,"album rock,classic rock,glam metal,hard rock,metal,rock","Epic/Legacy",0.403,0.935,11,-4.216,0,0.135,0.00941,0.00065,0.0656,0.353,145.105,4
46QazXxQS0B31CnbRCy8CV,"Rock You Like a Hurricane - 2011","Comeblack","Scorpions",2011-11-07,255573,61,oq28tyfhdjv308pmbu730jzdt,2024-12-19T07:34:12Z,"album rock,german hard rock,german metal,german rock,hard rock,rock","Legacy Recordings",0.587,0.891,11,-3.381,1,0.0361,0.000261,0.00454,0.314,0.705,124.005,4
5Z8EDau8uNcP1E8JvmfkZe,"School's Out","School's Out","Alice Cooper",1972,210106,64,oq28tyfhdjv308pmbu730jzdt,2024-12-19T07:34:12Z,"album rock,classic rock,detroit rock,glam metal,glam rock,hard rock,metal,protopunk,rock","Rhino/Warner Records",0.294,0.745,5,-9.138,1,0.0461,0.05,0.125,0.676,0.347,134.364,4
5RHG4SQ6iJ1qQJmt3EFJCX,"We're Not Gonna Take It","Rhino Hi-Five: Twisted Sister","Twisted Sister",2007-06-26,219666,50,oq28tyfhdjv308pmbu730jzdt,2024-12-19T07:34:12Z,"album rock,classic rock,glam metal,hard rock,metal,rock","Rhino Atlantic",0.502,0.924,4,-6.299,1,0.0503,0.0127,0,0.162,0.922,149.186,4
4hy4fb5D1KL50b3sng9cjw,"Smells Like Teen Spirit","Nirvana (International Version)","Nirvana",2002-01-01,300826,1,oq28tyfhdjv308pmbu730jzdt,2024-12-19T07:34:12Z,"grunge,permanent wave,rock","Universal com.itb.damv1.Music Group",0.48,0.875,1,-5.898,1,0.0429,0.0000162,0.000751,0.103,0.826,116.754,4
2PfBSkCKZDXMsJogMT0wML,"Jump","1984","Van Halen",1984-01-03,239560,2,oq28tyfhdjv308pmbu730jzdt,2024-12-19T07:34:12Z,"album rock,classic rock,hard rock,rock","Warner Bros.",0.547,0.822,0,-7.201,1,0.0292,0.0745,0.00943,0.0645,0.774,130.138,4
1li0jGGRIaMaNNRBV8JXZ4,"The Final Countdown","Playlist: The Very Best Of Europe","Europe",2009-04-09,310426,0,oq28tyfhdjv308pmbu730jzdt,2024-12-19T07:34:12Z,"album rock,glam metal,hard rock,rock,swedish hard rock,swedish melodic rock","Epic/Legacy",0.536,0.914,6,-3.803,0,0.0668,0.0722,0.00104,0.0528,0.193,117.657,4
3L8WgDYS5TtwbyxOPSAiFf,"Paranoid","Paranoid","Black Sabbath",1970-09-18,167933,19,oq28tyfhdjv308pmbu730jzdt,2024-12-19T07:34:12Z,"album rock,alternative metal,birmingham metal,classic rock,hard rock,metal,rock,stoner rock,uk doom metal","Universal com.itb.damv1.Music Ltd.",0.418,0.668,6,-11.297,0,0.082,0.000143,0.00113,0.173,0.379,162.663,4
32kgOw8wejH7zUhtXCM8DH,"More Than a Feeling","Boston","Boston",1976,285133,0,oq28tyfhdjv308pmbu730jzdt,2024-12-19T07:34:12Z,"album rock,classic rock,glam metal,hard rock,mellow gold,rock,soft rock","Epic",0.377,0.682,7,-8.039,1,0.0299,0.000894,0.00217,0.0504,0.288,108.736,4
78FzQfooQzB43sGzlpI2At,"Is This Love","Whitesnake's Greatest Hits","Whitesnake",1994-07-04,284400,57,oq28tyfhdjv308pmbu730jzdt,2024-12-19T07:34:12Z,"album rock,british blues,classic rock,glam metal,hard rock,metal,rock","Parlophone UK",0.493,0.747,0,-8.521,1,0.0298,0.0711,0,0.138,0.536,90.239,4
54yLLvpezvPO1lA3GspiZj,"Holy Diver","Holy Diver","Dio",1983,340640,61,oq28tyfhdjv308pmbu730jzdt,2024-12-19T07:34:12Z,"album rock,alternative metal,glam metal,hard rock,metal,rock,speed metal","UMC (Universal com.itb.damv1.Music Catalogue)",0.473,0.783,10,-10.671,0,0.0869,0.0125,0.475,0.268,0.124,91.976,4
0FMhMAFPLg8EljnROSoVnj,"La Grange - 1999 Remaster","Rancho Texicano: The Very Best of ZZ Top","ZZ Top",2004-06-08,232533,13,oq28tyfhdjv308pmbu730jzdt,2024-12-19T07:34:12Z,"album rock,blues rock,classic rock,hard rock,rock","Rhino/Warner Records",0.552,0.651,4,-10.624,0,0.229,0.00494,0.0349,0.132,0.533,161.548,4
0MnI39P9Dze0PSUjetb8Va,"Black Betty","The Dukes Of Hazzard (com.itb.damv1.Music From The Motion Picture)","Ram Jam",2005-07-19,235520,50,oq28tyfhdjv308pmbu730jzdt,2024-12-19T07:34:12Z,"southern rock","Columbia/Sony com.itb.damv1.Music Soundtrax",0.485,0.731,11,-8.789,0,0.0925,0.00109,0.00108,0.162,0.831,117.022,4
1AhDOtG9vPSOmsWgNW0BEY,"Bohemian Rhapsody - Remastered 2011","A Night At The Opera (2011 Remaster)","Queen",1975-11-21,354320,19,oq28tyfhdjv308pmbu730jzdt,2024-12-19T07:34:12Z,"classic rock,glam rock,rock","Universal com.itb.damv1.Music Group",0.414,0.404,0,-9.928,0,0.0499,0.271,0,0.3,0.224,71.105,4
5nvjZnTa1PUFV8hfrcMKYc,"The Passenger","Lust For Life","Iggy Pop",1977-08-29,283360,0,oq28tyfhdjv308pmbu730jzdt,2024-12-19T07:34:12Z,"alternative rock,glam rock,permanent wave,protopunk,rock","Universal com.itb.damv1.Music Group",0.501,0.899,0,-5.384,1,0.0563,0.0987,0.00000231,0.613,0.723,134.805,4
2Ck23L2znrPAFiyopqzWUj,"Do You Remember Rock 'n' Roll Radio? - 2002 Remaster","End of the Century (Expanded 2005 Remaster)","Ramones",1980-02-04,229466,44,oq28tyfhdjv308pmbu730jzdt,2024-12-19T07:34:12Z,"alternative rock,early us punk,permanent wave,punk,rock","Rhino/Warner Records",0.302,0.961,7,-5.619,1,0.116,0.445,0.00268,0.823,0.659,152.366,4
5jzma6gCzYtKB1DbEwFZKH,"London Calling - Remastered","London Calling (Remastered)","The Clash",1979,200480,69,oq28tyfhdjv308pmbu730jzdt,2024-12-19T07:34:12Z,"alternative rock,permanent wave,punk,rock","Sony com.itb.damv1.Music UK",0.651,0.801,0,-7.34,1,0.0514,0.123,0,0.0825,0.776,133.769,4
2dbOYFfS7r7NAzquRvji9A,"Balls to the Wall","Balls To The Wall","Accept",1983,342600,55,oq28tyfhdjv308pmbu730jzdt,2024-12-19T07:34:12Z,"german heavy metal,german metal,glam metal,hard rock,metal,power metal,speed metal,thrash metal","Portrait/Epic/Legacy",0.544,0.739,9,-7.383,1,0.0517,0.00392,0.000143,0.168,0.328,118.287,4
3uMmllZo1AfoEnVT4ENCD3,"Highway Star - Remastered 2012","Machine Head (Remastered)","Deep Purple",1972-03-25,366136,61,oq28tyfhdjv308pmbu730jzdt,2024-12-19T07:34:12Z,"album rock,classic rock,hard rock,metal,rock","EMI Records Limited",0.307,0.909,9,-7.08,0,0.0574,0.135,0.0336,0.125,0.443,173.674,4
2zYzyRzz6pRmhPzyfMEC8s,"Highway to Hell","Highway to Hell","AC/DC",1979-07-27,208400,84,oq28tyfhdjv308pmbu730jzdt,2024-12-19T07:34:12Z,"australian rock,hard rock,rock","Columbia",0.574,0.913,6,-4.793,0,0.133,0.061,0.00158,0.156,0.423,115.728,4
0hCB0YR03f6AmQaHbwWDe8,"Whole Lotta Love - 1990 Remaster","Led Zeppelin II (1994 Remaster)","Led Zeppelin",1969-10-22,333893,72,oq28tyfhdjv308pmbu730jzdt,2024-12-19T07:34:12Z,"album rock,classic rock,hard rock,rock","Rhino Atlantic",0.412,0.902,9,-11.6,1,0.405,0.0484,0.131,0.405,0.422,89.74,4
4CJVkjo5WpmUAKp3R44LNb,"Sweet Home Alabama","Second Helping","Lynyrd Skynyrd",1974-04-15,281147,1,oq28tyfhdjv308pmbu730jzdt,2024-12-19T07:34:12Z,"album rock,classic rock,hard rock,rock,southern rock","Universal com.itb.damv1.Music Group",0.597,0.605,7,-12.013,1,0.0255,0.181,0.000331,0.118,0.886,97.782,4
63OFKbMaZSDZ4wtesuuq6f,"Born To Be Wild","Steppenwolf","Steppenwolf",1968,210373,71,oq28tyfhdjv308pmbu730jzdt,2024-12-19T07:34:12Z,"acid rock,album rock,blues rock,classic canadian rock,classic rock,hard rock,proto-metal,rock,singer-songwriter,soft rock","Geffen*",0.438,0.71,2,-12.412,1,0.0919,0.262,0.537,0.221,0.53,145.928,4
57bgtoPSgt236HzfBOd8kj,"Thunderstruck","The Razors Edge","AC/DC",1990-09-24,292880,82,oq28tyfhdjv308pmbu730jzdt,2024-12-19T07:34:12Z,"australian rock,hard rock,rock","Columbia",0.502,0.89,4,-5.175,1,0.0364,0.000147,0.0117,0.217,0.259,133.52,4
1znPMY3zq78mVuTAmOA9O7,"Nothing Else Matters","Metallica","Metallica",1991-01-01,388266,0,oq28tyfhdjv308pmbu730jzdt,2024-12-19T07:34:12Z,"hard rock,metal,old school thrash,rock,thrash metal","Universal com.itb.damv1.Music Group",0.553,0.362,4,-11.218,0,0.0263,0.0458,0.00000601,0.075,0.158,142.352,3
7MeXwzhSDGfqNfuFANgzVC,"Toxicity","Toxicity","System Of A Down",2001-01-01,218933,2,oq28tyfhdjv308pmbu730jzdt,2024-12-19T07:34:12Z,"alternative metal,nu metal,rap metal,rock","Columbia",0.407,0.876,8,-4.145,1,0.0529,0.000254,0.00265,0.215,0.521,116.335,3
2SgbR6ttzoNlCRGQOKjrop,"Cowboys from Hell","Cowboys from Hell","Pantera",1990-07-20,243533,70,oq28tyfhdjv308pmbu730jzdt,2024-12-19T07:34:12Z,"alternative metal,groove metal,hard rock,metal,nu metal,old school thrash,rock,texas metal","Rhino",0.415,0.908,2,-9.701,1,0.0765,0.00437,0.0345,0.082,0.437,114.816,4
4nUdZ9HaXH02cvAbqf9C5L,"Shout At The Devil","Shout At The Devil","Mötley Crüe",1983,194986,0,oq28tyfhdjv308pmbu730jzdt,2024-12-19T07:34:12Z,"album rock,alternative metal,glam metal,hard rock,metal,rock,sleaze rock","Eleven Seven com.itb.damv1.Music",0.511,0.949,0,-5.422,1,0.0796,0.0207,0.000109,0.0743,0.447,94.906,4
0wpnNSCDkdQWmVLAye6xId,"Rock And Roll All Nite","Greatest Kiss","KISS",1997-04-08,170800,0,oq28tyfhdjv308pmbu730jzdt,2024-12-19T07:34:12Z,"glam rock,hard rock,rock","Universal com.itb.damv1.Music Group",0.658,0.922,1,-6.997,1,0.0976,0.0535,0,0.0271,0.887,144.972,4
6tVs6BS4vqrFsCrHS0Ycsr,"The Trooper - 1998 Remaster","Somewhere Back in Time (The Best of 1980 - 1989)","Iron Maiden",2008-04-07,250946,40,oq28tyfhdjv308pmbu730jzdt,2024-12-19T07:34:12Z,"alternative metal,hard rock,metal,nwobhm,rock","Parlophone UK",0.288,0.864,4,-6.762,0,0.0673,0.0172,0.0567,0.541,0.621,162.233,4
0MKGH8UMfCnq5w7nG06oM5,"Come As You Are","Nevermind (Deluxe Edition)","Nirvana",1991-09-26,218920,20,oq28tyfhdjv308pmbu730jzdt,2024-12-19T07:34:12Z,"grunge,permanent wave,rock","Geffen",0.5,0.824,4,-5.846,0,0.0388,0.00016,0.00161,0.0916,0.539,120.125,4
7fSGbZLhWlAiCC3HDPAULu,"(I Can't Get No) Satisfaction - Mono Version / Remastered 2002","Out Of Our Heads (Remastered)","The Rolling Stones",1965-07-30,222813,0,oq28tyfhdjv308pmbu730jzdt,2024-12-19T07:34:12Z,"album rock,british invasion,classic rock,rock","Universal com.itb.damv1.Music Group",0.725,0.853,2,-7.842,1,0.0353,0.0348,0.127,0.196,0.904,136.282,4
1BXO5XG7ctHzjzpRRKlWZd,"Start Me Up - Remastered","Jump Back - The Best Of The Rolling Stones, '71 - '93","The Rolling Stones",1993-11-22,213500,0,oq28tyfhdjv308pmbu730jzdt,2024-12-19T07:34:12Z,"album rock,british invasion,classic rock,rock","Universal com.itb.damv1.Music Group",0.695,0.817,5,-8.406,1,0.0341,0.154,0.171,0.144,0.97,122.003,4
53968oKecrFxkErocab2Al,"November Rain","Use Your Illusion I","Guns N' Roses",1991-09-17,537506,1,oq28tyfhdjv308pmbu730jzdt,2024-12-19T07:34:12Z,"glam metal,hard rock,rock","Universal com.itb.damv1.Music Group",0.197,0.629,11,-9.291,1,0.03,0.0165,0.279,0.125,0.221,79.495,4
4TmGtGkkmaoXRCvpOwDJoO,"It's My Life","Bon Jovi Greatest Hits - The Ultimate Collection (Int'l Deluxe Package)","Bon Jovi",2010-01-01,224600,0,oq28tyfhdjv308pmbu730jzdt,2024-12-19T07:34:12Z,"glam metal,rock","Universal com.itb.damv1.Music Group",0.546,0.931,0,-3.025,0,0.0507,0.0295,0.0000167,0.366,0.527,120.01,4
6vvmYYUvGXtZLU8msxKvzF,"I Wanna Be Sedated - 1999 Remaster","Road to Ruin (Expanded 2005 Remaster)","Ramones",1978-09-22,149466,52,oq28tyfhdjv308pmbu730jzdt,2024-12-19T07:34:12Z,"alternative rock,early us punk,permanent wave,punk,rock","Rhino/Warner Records",0.597,0.96,11,-3.989,1,0.042,0.169,0.0000289,0.105,0.937,163.017,4
4zpWGC5MmGN6zX4J9XV8Gv,"Wind Of Change","Old Skool Of Rock","Scorpions",2007-06-08,312093,0,oq28tyfhdjv308pmbu730jzdt,2024-12-19T07:34:12Z,"album rock,german hard rock,german metal,german rock,hard rock,rock","Universal com.itb.damv1.Music Ltd.",0.426,0.618,0,-6.939,1,0.037,0.442,0,0.0972,0.245,151.35,4
3XEMhKdne3ySYevbEYllEr,"The Beautiful People","Antichrist Superstar","Marilyn Manson",1996-10-08,218826,0,oq28tyfhdjv308pmbu730jzdt,2024-12-19T07:34:12Z,"alternative metal,hard rock,industrial,industrial metal,industrial rock,nu metal,post-grunge,rock","Universal com.itb.damv1.Music Group",0.621,0.834,10,-10.068,0,0.0557,0.000779,0.456,0.0611,0.937,143.973,4
5anCkDvJ17aznvK5TED5uo,"Hail to the King","Hail to the King","Avenged Sevenfold",2013-08-23,305906,75,oq28tyfhdjv308pmbu730jzdt,2024-12-19T07:34:12Z,"alternative metal","Warner Records",0.58,0.916,3,-4.358,0,0.0387,0.000297,0.0259,0.126,0.683,118.004,4
756CJtQRFSxEx9jV4P9hpA,"I Believe in a Thing Called Love","Permission to Land","The Darkness",2003-07-07,216453,69,oq28tyfhdjv308pmbu730jzdt,2024-12-19T07:34:12Z,"glam metal,hard rock","Atlantic Records",0.453,0.892,4,-2.259,1,0.0781,0.0518,0.0000259,0.214,0.628,128.148,4
2g7gviEeJr6pyxO7G35EWQ,"Paradise By the Dashboard Light","Bat Out Of Hell","Meat Loaf",1977-10-21,508333,63,oq28tyfhdjv308pmbu730jzdt,2024-12-19T07:34:12Z,"album rock","Cleveland International/ Epic/Legacy",0.326,0.872,2,-7.602,1,0.122,0.214,0,0.461,0.492,173.381,4
6fqLce5TNAmNgbFwXD2DdG,"I'd Do Anything For Love (But I Won't Do That) - Live From The Beacon Theatre, New York, U.S.A./1995","Welcome To The Neighbourhood","Meat Loaf",1995,329400,51,oq28tyfhdjv308pmbu730jzdt,2024-12-19T07:34:12Z,"album rock","EMI Catalogue",0.265,0.553,0,-10.198,1,0.0702,0.727,0,0.983,0.237,76.115,4
4ysiI2bYbXcGT8jMXEPQSk,"Closer","The Downward Spiral","Nine Inch Nails",1994-03-08,373306,0,oq28tyfhdjv308pmbu730jzdt,2024-12-19T07:34:12Z,"alternative metal,alternative rock,cyberpunk,electronic rock,grunge,industrial,industrial metal,industrial rock,nu metal,post-grunge,rock","Universal com.itb.damv1.Music Group",0.554,0.728,10,-8.655,0,0.0408,0.000286,0.578,0.129,0.57,90.012,4
5nbNdS5SKdpiDZjCBh8W7b,"Get It On","Electric Warrior (Deluxe Edition)","T. Rex",1971-09-24,262613,0,oq28tyfhdjv308pmbu730jzdt,2024-12-19T07:34:12Z,"classic rock,glam rock,protopunk,rock,singer-songwriter","Universal com.itb.damv1.Music Group International",0.728,0.878,11,-6.926,0,0.0564,0.176,0.856,0.61,0.911,126.59,4
1rCUQpzLUTtRh0fdxeW15j,"Purple Haze","Experience Hendrix: The Best Of Jimi Hendrix","Jimi Hendrix",2000-03-27,172133,0,oq28tyfhdjv308pmbu730jzdt,2024-12-19T07:34:12Z,"acid rock,album rock,alternative rock,classic rock,hard rock,proto-metal,psychedelic rock,rock","Experience Hendrix L.L.C.",0.525,0.897,2,-5.194,1,0.0727,0.00646,0.731,0.0639,0.448,108.578,4
1L94M3KIu7QluZe63g64rv,"Alive","Ten","Pearl Jam",1991-08-27,340907,72,oq28tyfhdjv308pmbu730jzdt,2024-12-19T07:34:12Z,"alternative metal,alternative rock,classic rock,grunge,hard rock,permanent wave,rock","Epic/Legacy",0.284,0.875,11,-6.069,0,0.0422,0.00752,0.000461,0.402,0.595,75.009,4
6QewNVIDKdSl8Y3ycuHIei,"Even Flow","Ten","Pearl Jam",1991-08-27,292580,77,oq28tyfhdjv308pmbu730jzdt,2024-12-19T07:34:12Z,"alternative metal,alternative rock,classic rock,grunge,hard rock,permanent wave,rock","Epic/Legacy",0.394,0.944,10,-6.506,0,0.0761,0.00178,0.00000454,0.298,0.265,105.338,4
6pqawkYEUzzuKve6QNfBaT,"Sultans Of Swing","Sultans Of Swing - The Very Best Of Dire Straits","Dire Straits",1998-11-10,346600,0,oq28tyfhdjv308pmbu730jzdt,2024-12-19T07:34:12Z,"album rock,classic rock,mellow gold,rock","Universal com.itb.damv1.Music Group",0.73,0.869,5,-7.307,1,0.0294,0.0605,0.0608,0.335,0.903,148.152,4
1FTnBp64Iy26qERGibjknm,"My Sharona","Playlist: 70s Pop","The Knack",2008-04-28,240000,0,oq28tyfhdjv308pmbu730jzdt,2024-12-19T07:34:12Z,"album rock,classic rock,hard rock,mellow gold,new wave,new wave pop,power pop,soft rock","Parlophone UK",0.623,0.823,0,-5.492,1,0.0402,0.0337,0.0152,0.573,0.867,147.571,4
3hysZLHTIdK2MFh2Ynnn7O,"Born to Run","The Essential Bruce Springsteen","Bruce Springsteen",1973,270560,0,oq28tyfhdjv308pmbu730jzdt,2024-12-19T07:34:12Z,"heartland rock,mellow gold,permanent wave,rock,singer-songwriter","Columbia",0.279,0.871,4,-7.599,1,0.072,0.00371,0.00000162,0.143,0.618,146.812,4
7I6Ugwp4twHiMh7U7Ie0q1,"Motorcycle Emptiness","GENERATION TERRORISTS","Manic Street Preachers",1992-02-10,365573,29,oq28tyfhdjv308pmbu730jzdt,2024-12-19T07:34:12Z,"britpop,permanent wave,rock,welsh rock","Columbia",0.53,0.622,4,-10.332,1,0.0296,0.00000863,0.594,0.113,0.246,112.637,4
5ikdUUm6JbnEVnp35c7dvy,"I Am the Resurrection - Remastered 2009","The Stone Roses","The Stone Roses",1989-05-02,492946,56,oq28tyfhdjv308pmbu730jzdt,2024-12-19T07:34:12Z,"britpop,dance rock,madchester","Sony com.itb.damv1.Music UK",0.357,0.866,4,-6.324,1,0.0411,0.00191,0.114,0.0815,0.721,129.071,4
7ouMYWpwJ422jRcDASZB7P,"Knights of Cydonia","Black Holes and Revelations","Muse",2006-06-19,366213,65,oq28tyfhdjv308pmbu730jzdt,2024-12-19T07:34:12Z,"alternative rock,modern rock,permanent wave,rock","Warner Records",0.366,0.963,11,-5.301,0,0.142,0.000273,0.0122,0.115,0.211,137.114,4
6y20BV5L33R8YXM0YuI38N,"No One Knows","Songs For The Deaf","Queens of the Stone Age",2002-01-01,278746,69,oq28tyfhdjv308pmbu730jzdt,2024-12-19T07:34:12Z,"alternative metal,alternative rock,grunge,modern rock,palm desert scene,rock,stoner metal,stoner rock","Polydor Associated Labels",0.509,0.584,0,-4.907,1,0.057,0.0368,0.0000996,0.384,0.685,170.411,4
1cnA8Zf6McVyoWTr8xf0Ml,"Stargazer","Rising (Remastered)","Rainbow",1976-01-01,506160,0,oq28tyfhdjv308pmbu730jzdt,2024-12-19T07:34:12Z,"album rock,classic rock,glam metal,hard rock,metal,rock","Universal com.itb.damv1.Music Group",0.166,0.948,11,-8.503,0,0.0631,0.00374,0.0131,0.769,0.476,177.495,4
2b9lp5A6CqSzwOrBfAFhof,"Crazy Train","Blizzard of Ozz (Expanded Edition)","Ozzy Osbourne",1980-09-20,296200,21,oq28tyfhdjv308pmbu730jzdt,2024-12-19T07:34:12Z,"album rock,alternative metal,birmingham metal,classic rock,glam metal,hard rock,metal,rock","Epic/Legacy",0.453,0.905,9,-4.001,1,0.115,0.36,0.000569,0.26,0.474,137.571,4
1auUyL63z3sWnBhooTnz31,"Many of Horror","Only Revolutions","Biffy Clyro",2009-11-06,258573,44,oq28tyfhdjv308pmbu730jzdt,2024-12-19T07:34:12Z,"modern rock,scottish rock","14th Floor Records",0.498,0.647,1,-7.631,1,0.0358,0.00427,0.00000987,0.146,0.257,163.87,4
4xnbjazXsR4fwaOdY5jQOH,"Leather Jacket Love com.itb.damv1.Song","Leather Jacket Love com.itb.damv1.Song","The Cribs",2013-02-10,186280,0,oq28tyfhdjv308pmbu730jzdt,2024-12-19T07:34:12Z,"british indie rock,britpop,english indie rock,scottish rock,west yorkshire indie","Wichita Recordings",0.385,0.936,3,-4.024,1,0.043,0.000358,0.17,0.08,0.418,142.949,4
2AxCeJ6PSsBYiTckM0HLY7,"Voodoo Child (Slight Return)","Electric Ladyland","Jimi Hendrix",1968-10-25,313373,63,oq28tyfhdjv308pmbu730jzdt,2024-12-19T07:34:12Z,"acid rock,album rock,alternative rock,classic rock,hard rock,proto-metal,psychedelic rock,rock","Legacy Recordings",0.214,0.91,8,-6.662,1,0.389,0.477,0.00833,0.0517,0.448,175.549,4
2cM6hAcaR3zsh2oYYV2MWU,"Wild Thing","Hit Single Anthology","The Troggs",1991-01-01,158250,0,oq28tyfhdjv308pmbu730jzdt,2024-12-19T07:34:12Z,"british invasion","Mercury",0.421,0.664,11,-10.657,0,0.0665,0.721,0.00244,0.0851,0.574,201.583,4
2uXkW8uJcOIhlbUatEPLPs,"Have Love Will Travel","Here Are the Sonics","The Sonics",1965,160400,53,oq28tyfhdjv308pmbu730jzdt,2024-12-19T07:34:12Z,"classic garage rock,garage rock,protopunk","Etiquette Records",0.506,0.948,10,-5.626,1,0.105,0.727,0,0.0904,0.934,130.195,4
7MRyJPksH3G2cXHN8UKYzP,"American Girl","Tom Petty & The Heartbreakers","Tom Petty and the Heartbreakers",1976-11-09,214733,21,oq28tyfhdjv308pmbu730jzdt,2024-12-19T07:34:12Z,"album rock,classic rock,hard rock,heartland rock,mellow gold,rock,singer-songwriter,soft rock","Rhino/Warner Records",0.55,0.824,2,-5.988,1,0.0334,0.448,0.000127,0.366,0.777,114.512,4
1exUq8aG2OMbSeZeTwz06k,"In-A-Gadda-Da-Vida - 2006 Remaster Full-Length","In-A-Gadda-Da-Vida","Iron Butterfly",1968-06-14,1024133,47,oq28tyfhdjv308pmbu730jzdt,2024-12-19T07:34:12Z,"acid rock,album rock,blues rock,classic rock,country rock,folk rock,hard rock,proto-metal,psychedelic rock,symphonic rock","Rhino Atlantic",0.548,0.452,0,-11.612,1,0.0343,0.00577,0.375,0.192,0.5,120.127,4
2OwVp843CshseouYgyj75O,"Hollow Years","Falling into Infinity","Dream Theater",1997-09-12,353866,44,oq28tyfhdjv308pmbu730jzdt,2024-12-19T07:34:12Z,"metal,progressive metal","Atlantic Records",0.517,0.559,0,-7.291,1,0.027,0.0523,0.00000209,0.308,0.172,76.648,4
7GonnnalI2s19OCQO1J7Tf,"Kickstart My Heart","Dr. Feelgood","Mötley Crüe",1989,282653,16,oq28tyfhdjv308pmbu730jzdt,2024-12-19T07:34:12Z,"album rock,alternative metal,glam metal,hard rock,metal,rock,sleaze rock","Mötley Records",0.359,0.981,7,-3.622,0,0.303,0.00125,0.00236,0.284,0.271,178.98,4
2eB7JqIY4hTTSz31h6bjwR,"Through The Fire And Flames","Inhuman Rampage","DragonForce",2006-01-09,439120,2,oq28tyfhdjv308pmbu730jzdt,2024-12-19T07:34:12Z,"british power metal,fantasy metal,metal,power metal,speed metal","Universal com.itb.damv1.Music Oy",0.153,0.953,0,-4.74,0,0.122,0.00152,0.0062,0.366,0.14,199.892,4
51TG9W3y9qyO8BY5RXKgnZ,"Symphony Of Destruction","Countdown To Extinction (Expanded Edition - Remastered)","Megadeth",1992-07-14,246733,64,oq28tyfhdjv308pmbu730jzdt,2024-12-19T07:34:12Z,"alternative metal,hard rock,melodic thrash,metal,old school thrash,rock,speed metal,thrash metal","Capitol Records",0.61,0.889,4,-5.452,0,0.0585,0.000794,0.0865,0.0657,0.506,139.903,4
28TcG73tbc4iGrGBFjiBnR,"Kings of Metal","Kings of Metal","Manowar",1988-11-01,223866,54,oq28tyfhdjv308pmbu730jzdt,2024-12-19T07:34:12Z,"comic metal,hard rock,metal,power metal,speed metal,us power metal","Atlantic Records",0.575,0.881,9,-13.012,1,0.0357,0.000117,0.0000269,0.147,0.699,132.127,4
1aDNYyeU62BuQsBAY18i48,"Stargazer","Rising","Rainbow",1976-01-01,506160,53,oq28tyfhdjv308pmbu730jzdt,2024-12-19T07:34:12Z,"album rock,classic rock,glam metal,hard rock,metal,rock","Polydor Records",0.166,0.948,11,-8.503,0,0.0631,0.00374,0.0131,0.769,0.476,177.495,4
4u7EnebtmKWzUH433cf5Qv,"Bohemian Rhapsody - Remastered 2011","A Night At The Opera (2011 Remaster)","Queen",1975-11-21,354320,77,oq28tyfhdjv308pmbu730jzdt,2024-12-19T07:34:12Z,"classic rock,glam rock,rock","EMI",0.411,0.404,0,-9.928,0,0.0511,0.271,0,0.3,0.226,71.068,4
5CPXR6lDTvngxtmMZxnWmC,"Pull Me Under","Images and Words","Dream Theater",1992-06-30,493933,59,oq28tyfhdjv308pmbu730jzdt,2024-12-19T07:34:12Z,"metal,progressive metal","Atlantic Records",0.532,0.941,9,-9.025,1,0.0465,0.000579,0.0527,0.15,0.278,102.198,4
7HKRWMTErKh56EIBeFcmdf,"Seize the Day","City of Evil","Avenged Sevenfold",2005-06-06,334066,66,oq28tyfhdjv308pmbu730jzdt,2024-12-19T07:34:12Z,"alternative metal","Warner Records",0.393,0.802,5,-4.499,1,0.0367,0.0168,0,0.193,0.338,140.101,4
7fcfNW0XxTWlwVlftzfDOR,"Walk","Vulgar Display of Power","Pantera",1992-02-21,315120,73,oq28tyfhdjv308pmbu730jzdt,2024-12-19T07:34:12Z,"alternative metal,groove metal,hard rock,metal,nu metal,old school thrash,rock,texas metal","Atlantic Records",0.43,0.704,1,-8.008,0,0.0804,0.000155,0.00221,0.0933,0.703,118.242,4
3cwDSDzTiWr5H5xMQhQ6Mx,"Du hast","Sehnsucht","Rammstein",1997-08-25,234226,1,oq28tyfhdjv308pmbu730jzdt,2024-12-19T07:34:12Z,"german metal,industrial,industrial metal,industrial rock,neue deutsche harte","Universal com.itb.damv1.Music Group",0.64,0.922,9,-6.283,0,0.0385,0.00369,0.055,0.332,0.716,125.105,4
0lCwaZYSRy6q0jLmnYiQxi,"Laid to Rest","Ashes Of The Wake","Lamb of God",2004-08-30,230226,0,oq28tyfhdjv308pmbu730jzdt,2024-12-19T07:34:12Z,"alternative metal,groove metal,metal,nu metal,virginia metal","Epic",0.359,0.959,1,-3.685,1,0.104,0.000216,0.00343,0.435,0.158,103.038,3
2aIB1CdRRG7YLBu9hNw9nR,"The Beautiful People","Antichrist Superstar","Marilyn Manson",1996,218826,72,oq28tyfhdjv308pmbu730jzdt,2024-12-19T07:34:12Z,"alternative metal,hard rock,industrial,industrial metal,industrial rock,nu metal,post-grunge,rock","Marilyn Manson / Interscope",0.621,0.834,10,-10.068,0,0.0557,0.000779,0.456,0.0611,0.937,143.973,4
5sFDReWLrZHLFZFjHsjUTS,"Would? (2022 Remaster)","Dirt (2022 Remaster)","Alice In Chains",1992-09-29,206773,72,oq28tyfhdjv308pmbu730jzdt,2024-12-19T07:34:12Z,"alternative metal,alternative rock,grunge,hard rock,nu metal,rock","Columbia",0.297,0.842,6,-7.457,1,0.0488,0.000286,0.0000091,0.0848,0.586,100.127,4
2EoOZnxNgtmZaD8uUmz2nD,"Black Hole Sun","Superunknown (Deluxe Edition)","Soundgarden",1994-03-09,318586,75,oq28tyfhdjv308pmbu730jzdt,2024-12-19T07:34:12Z,"alternative metal,alternative rock,classic rock,grunge,hard rock,nu metal,rock","Geffen",0.35,0.828,6,-5.373,1,0.041,0.000217,0.000161,0.0774,0.147,105.435,4
1p50Ir1Hm6Sa1urjaLGi7L,"Bring The Noise","Attack Of The Killer B's","Anthrax,Public Enemy",1991-01-01,211786,52,oq28tyfhdjv308pmbu730jzdt,2024-12-19T07:34:12Z,"alternative metal,glam metal,groove metal,hard rock,metal,nu metal,old school thrash,rap metal,rock,speed metal,thrash metal,conscious hip hop,east coast hip hop,golden age hip hop,hardcore hip hop,hip hop,old school hip hop,political hip hop","Island Records",0.601,0.831,2,-8.582,1,0.17,0.00086,0,0.102,0.296,120.962,4
4OROzZUy6gOWN4UGQVaZMF,"The Trooper - 2015 Remaster","Piece of Mind (2015 Remaster)","Iron Maiden",1983,252733,72,oq28tyfhdjv308pmbu730jzdt,2024-12-19T07:35:03Z,"alternative metal,hard rock,metal,nwobhm,rock","Parlophone UK",0.285,0.908,4,-4.601,0,0.0705,0.0318,0.00909,0.311,0.669,159.756,4
0RdUX4WE0fO30VnlUbDVL6,"Still Loving You","Comeblack","Scorpions",2011-11-07,403453,70,oq28tyfhdjv308pmbu730jzdt,2024-12-19T07:35:05Z,"album rock,german hard rock,german metal,german rock,hard rock,rock","Legacy Recordings",0.282,0.605,6,-4.916,0,0.0294,0.0047,0.00144,0.103,0.0783,103.929,4
07q0QVgO56EorrSGHC48y3,"I Was Made For Lovin' You","Dynasty","KISS",1979-03-23,271240,81,oq28tyfhdjv308pmbu730jzdt,2024-12-19T07:35:06Z,"glam rock,hard rock,rock","Casablanca Records",0.768,0.852,4,-6.215,1,0.038,0.214,0.0000736,0.0723,0.867,128.373,4
